<hibernate-mapping xmlns="urn:nhibernate-mapping-2.2" assembly="BExIS.DQM.Entities" namespace="BExIS.DQM.Entities.Data" >
  <class xmlns="urn:nhibernate-mapping-2.2" name="Example" table="Examples">
    <!-- Mapping BaseEntity properties -->

    <id name="Id" type="Int64">
      <column name="Id" />
      <generator class="native" />
    </id>

    <!--<discriminator column="Discriminator" type="String" length="3"/>-->

    <version name="VersionNo" type="Int32">
      <column name="VersionNo" />
    </version>

    <property name="Extra" type="System.Xml.XmlDocument, System.Xml, Version=4.0.0.0, Culture=neutral, PublicKeyToken=b77a5c561934e089">
      <column name="Extra" not-null="false" sql-type="xml" />
    </property>

    <property name="Name" type="string">
      <column name="Name" />
    </property>
    
  </class>
</hibernate-mapping>
