<?xml version="1.0" encoding="utf-8" ?>
<Manifest moduleId="DQM" displayName="DQM Module" version="1.0.0" builtin="false">
	<Description>
    ...
  </Description>
	<Assemblies>
    <Assembly fullName="BExIS.DQM.Entities" role=""/>
    <Assembly fullName="BExIS.DQM.Services" role=""/>
	</Assemblies>
	<Dependencies>
		<!--<Dependency moduleId="dcm" version="*.*.*" />-->
	</Dependencies>
	<Exports>
		<!--added for data quality manager-->
		<Export tag="settings" id="ManageDQ" order="1"
						title="Manage dataset quality" description="Manage dataset quality indices" icon=""
						controller="ManageDQ" action="Index" argument="ManageDQ"
						extends="./settingsRoot"
						/>
	<!-- Settings Example-->
		<!--<Export tag="settings" id="manageMetadata" order="1"
						title="Manage Metadata Structure" description="Edit or Importa new Metadata Structure" icon=""
						controller="ManageMetadataStructure" action="Index" argument=""
						extends="./settingsRoot"
						/>-->
	<!-- Menubar Example-->
		<!--<Export tag="menubar" id="createDataset" order="1"
						title="Create Dataset" description="Create new Dataset" icon=""
						controller="CreateDataset" action="index"
						extends="./menubarRoot/collect" />-->
			
		<!-- Api Example-->
		<!-- <Export tag="api" id="tntList"
						title="No thing" description="Change me!" icon=""
						controller="home" action="index"
						extends="./apiRoot"
						/>-->
	</Exports>
</Manifest>
